年份,总GDP预测,农林消费部门GDP预测,能源供应部门GDP预测,工业消费部门GDP预测,交通消费部门GDP预测,建筑消费部门GDP预测,人口预测,slip,总能源强度预测,农林消费部门能源强度预测,能源供应部门能源强度预测,工业消费部门能源强度预测,交通消费部门能源强度预测,建筑消费部门能源强度预测,非化石能源产热电占比预测,农林消费部门化石能源占比预测,能源供应部门化石能源占比预测,工业消费部门化石能源占比预测,交通消费部门化石能源占比预测,建筑消费部门化石能源占比预测,居民生活消费化石能源占比预测,按时,总能源强度预测_按时,农林消费部门能源强度预测_按时,能源供应部门能源强度预测_按时,工业消费部门能源强度预测_按时,交通消费部门能源强度预测_按时,建筑消费部门能源强度预测_按时,非化石能源产热电占比预测_按时,农林消费部门化石能源占比预测_按时,能源供应部门化石能源占比预测_按时,工业消费部门化石能源占比预测_按时,交通消费部门化石能源占比预测_按时,建筑消费部门化石能源占比预测_按时,居民生活消费化石能源占比预测_按时,雄心,总能源强度预测_雄心,农林消费部门能源强度预测_雄心,能源供应部门能源强度预测_雄心,工业消费部门能源强度预测_雄心,交通消费部门能源强度预测_雄心,建筑消费部门能源强度预测_雄心,非化石能源产热电占比预测_雄心,农林消费部门化石能源占比预测_雄心,能源供应部门化石能源占比预测_雄心,工业消费部门化石能源占比预测_雄心,交通消费部门化石能源占比预测_雄心,建筑消费部门化石能源占比预测_雄心,居民生活消费化石能源占比预测_雄心,农林GDP_雄心,能供GDP_雄心,工业GDP_雄心,交通GDP_雄心,建筑GDP_雄心
2010,41497.84029,2409.24,904.645913267166,20948.9540867328,1767.22445262952,15353.8055473705,7868.56165023135,,0.568804087952613,0.143346369499737,6.41178266008894,0.68321688729842,0.791219233974645,0.034817351008769,0.0684914750499207,0.899076732267237,1.9096758784201,0.641490601085883,0.969807569813845,0.22450569764754,0.562137909004356,,0.568804087952613,0.143346369499737,6.41178266008894,0.68321688729842,0.791219233974645,0.034817351008769,0.0684914750499207,0.899076732267237,1.9096758784201,0.641490601085883,0.969807569813845,0.22450569764754,0.562137909004356,,0.568804087952613,0.143346369499737,6.41178266008894,0.68321688729842,0.791219233974645,0.034817351008769,0.0684914750499207,0.899076732267237,1.9096758784201,0.641490601085883,0.969807569813845,0.22450569764754,0.562137909004356,0.00981800429008795,2166.09162644752,4600.86751332484,1545.50481576015,2336.49918949831
2011,46109.52338,2736.8614125208,947.430866782084,22792.5305741687,1988.4262206317,17487.4009258967,8006.21141792622,,0.584515274128095,0.143911936821836,8.41603503081555,0.665650377861821,0.751719452870843,0.0355012922572125,0.0594932376731697,0.896997506031781,1.72773391530667,0.632487065012667,0.965308608929249,0.24538997868094,0.569336066748288,,0.584515274128095,0.143911936821836,8.41603503081555,0.665650377861821,0.751719452870843,0.0355012922572125,0.0594932376731697,0.896997506031781,1.72773391530667,0.632487065012667,0.965308608929249,0.24538997868094,0.569336066748288,,0.584515274128095,0.143911936821836,8.41603503081555,0.665650377861821,0.751719452870843,0.0355012922572125,0.0594932376731697,0.896997506031781,1.72773391530667,0.632487065012667,0.965308608929249,0.24538997868094,0.569336066748288,0.00856178706134767,2454.95786138577,0.248641534064557,1731.0294421517,2641.91588295259
2012,50788.71049,3057.82336058003,1121.14528416959,24491.7643687814,2199.50957263208,19789.9574138369,8117.5729905428,,0.552686687152098,0.146819695650283,7.4697055016495,0.632644998933739,0.735688025428287,0.0349071549275234,0.067472449035328,0.896084260961653,1.7239030464602,0.621110837793118,0.963627728776326,0.243585759808956,0.571628916351876,,0.552686687152098,0.146819695650283,7.4697055016495,0.632644998933739,0.735688025428287,0.0349071549275234,0.067472449035328,0.896084260961653,1.7239030464602,0.621110837793118,0.963627728776326,0.243585759808956,0.571628916351876,,0.552686687152098,0.146819695650283,7.4697055016495,0.632644998933739,0.735688025428287,0.0349071549275234,0.067472449035328,0.896084260961653,1.7239030464602,0.621110837793118,0.963627728776326,0.243585759808956,0.571628916351876,0.00990628443214609,2740.06738621663,0.253102920611882,1899.24722931323,2946.60337995493
2013,55535.40161,3228.53880811789,1065.44633294878,26232.6846853073,2233.93711462672,22819.5030589993,8207.01387457359,,0.507431602328363,0.112179626809569,7.07809215526137,0.623184759658174,0.780537190138778,0.0323501077319107,0.0773113987504554,0.852727530925915,1.85490213721158,0.615576734633326,0.96221841382967,0.209322530475288,0.530670120794549,,0.507431602328363,0.112179626809569,7.07809215526137,0.623184759658174,0.780537190138778,0.0323501077319107,0.0773113987504554,0.852727530925915,1.85490213721158,0.615576734633326,0.96221841382967,0.209322530475288,0.530670120794549,,0.507431602328363,0.112179626809569,7.07809215526137,0.623184759658174,0.780537190138778,0.0323501077319107,0.0773113987504554,0.852727530925915,1.85490213721158,0.615576734633326,0.96221841382967,0.209322530475288,0.530670120794549,0.00867276385995186,2753.06392634486,0.208082229520667,1987.41337713818,3106.55949093473
2014,60349.59675,3358.61321748047,1149.81809157418,27757.7176437023,2378.92543913522,25714.3556081078,8278.41637032617,,0.466712587654938,0.114250638501677,5.78491914910279,0.613109802773694,0.805353403938811,0.0283235206502756,0.0981577741101341,0.850684297777406,1.94073169513652,0.623718329700873,0.962657553731261,0.174127090744322,0.574734467319886,,0.466712587654938,0.114250638501677,5.78491914910279,0.613109802773694,0.805353403938811,0.0283235206502756,0.0981577741101341,0.850684297777406,1.94073169513652,0.623718329700873,0.962657553731261,0.174127090744322,0.574734467319886,,0.466712587654938,0.114250638501677,5.78491914910279,0.613109802773694,0.805353403938811,0.0283235206502756,0.0981577741101341,0.850684297777406,1.94073169513652,0.623718329700873,0.962657553731261,0.174127090744322,0.574734467319886,0.0112145883659862,2857.11952641829,0.221729835329789,2094.82862611819,3233.19438386923
2015,65231.29592,3636.08072254478,1357.62763211427,29342.7823834451,2240.39469669402,28975.1145652018,8335.13303389697,,0.442909569019742,0.118087010393412,5.17061712332367,0.587612646076841,0.901307935937434,0.0261198311455724,0.0943191743679162,0.849700264990057,1.91696743504516,0.623364254044768,0.961487059229475,0.154584470346729,0.574976818506272,,0.442909569019742,0.118087010393412,5.17061712332367,0.587612646076841,0.901307935937434,0.0261198311455724,0.0943191743679162,0.849700264990057,1.91696743504516,0.623364254044768,0.961487059229475,0.154584470346729,0.574976818506272,,0.442909569019742,0.118087010393412,5.17061712332367,0.587612646076841,0.901307935937434,0.0261198311455724,0.0943191743679162,0.849700264990057,1.91696743504516,0.623364254044768,0.961487059229475,0.154584470346729,0.574976818506272,0.0111378693238822,3089.57875347154,0.22636895342601,2266.60274725569,3496.04456104057
2016,70180.4991,3690.60959462002,1417.9030175714,30595.119280384,2316.4302171745,32645.6447191414,8379.99629691812,,0.423797878237163,0.117450014741495,5.0815338101758,0.579326149395488,0.899483535200366,0.0243506594695684,0.0963527478515518,0.824579326355301,1.95329286932415,0.614219675994131,0.958468737733571,0.101426903006028,0.550122296908544,,0.423797878237163,0.117450014741495,5.0815338101758,0.579326149395488,0.899483535200366,0.0243506594695684,0.0963527478515518,0.824579326355301,1.95329286932415,0.614219675994131,0.958468737733571,0.101426903006028,0.550122296908544,,0.423797878237163,0.117450014741495,5.0815338101758,0.579326149395488,0.899483535200366,0.0243506594695684,0.0963527478515518,0.824579326355301,1.95329286932415,0.614219675994131,0.958468737733571,0.101426903006028,0.550122296908544,0.0113166316555483,3043.20037337219,0.229414276296578,2266.84502942834,3537.33391962286
2017,75197.2063,3568.54118828937,1526.98409928055,32987.3485822855,2420.16918523988,35249.1584371875,8415.35923562534,,0.40487122291568,0.123435971930705,4.9019735576511,0.540580584405032,0.904051458677768,0.0244330347730046,0.108372569508185,0.813677286482276,1.9486432518722,0.596301363786082,0.953126308476686,0.0642975287762599,0.545349547154677,,0.40487122291568,0.123435971930705,4.9019735576511,0.540580584405032,0.904051458677768,0.0244330347730046,0.108372569508185,0.813677286482276,1.9486432518722,0.596301363786082,0.953126308476686,0.0642975287762599,0.545349547154677,,0.40487122291568,0.123435971930705,4.9019735576511,0.540580584405032,0.904051458677768,0.0244330347730046,0.108372569508185,0.813677286482276,1.9486432518722,0.596301363786082,0.953126308476686,0.0642975287762599,0.545349547154677,0.0133770734478707,2903.64091078753,0.240532673741055,2127.92597730376,3401.27048944125
2018,80281.41752,3591.60757682308,1604.56027378722,34929.1817068881,2570.67670522806,38131.6856719855,8443.15126368772,,0.388148147438405,0.127518013507186,4.64737699114418,0.518868697340902,0.904296252549539,0.0255990849977281,0.125621311755026,0.806846196215692,1.97447296998488,0.584208696863734,0.951876537610646,0.0465204550770938,0.538552637609984,,0.388148147438405,0.127518013507186,4.64737699114418,0.518868697340902,0.904296252549539,0.0255990849977281,0.125621311755026,0.806846196215692,1.97447296998488,0.584208696863734,0.951876537610646,0.0465204550770938,0.538552637609984,,0.388148147438405,0.127518013507186,4.64737699114418,0.518868697340902,0.904296252549539,0.0255990849977281,0.125621311755026,0.806846196215692,1.97447296998488,0.584208696863734,0.951876537610646,0.0465204550770938,0.538552637609984,0.0160189801291678,2897.87491165916,0.251780870856106,2098.24838210172,3418.76698468252
2019,85433.13275,3726.60745328023,1692.69759705838,36037.4467681187,2749.08020616069,41350.3018494329,8464.9382087526,,0.376682581669905,0.117687770378132,4.1865507803628,0.53026931912107,0.903183926104001,0.0251378991455119,0.13870160315097,0.785291615223137,2.01219352112991,0.601629536097023,0.951597854253465,0.0441792581639232,0.5408329920238,,0.376682581669905,0.117687770378132,4.1865507803628,0.53026931912107,0.903183926104001,0.0251378991455119,0.13870160315097,0.785291615223137,2.01219352112991,0.601629536097023,0.951597854253465,0.0441792581639232,0.5408329920238,,0.376682581669905,0.117687770378132,4.1865507803628,0.53026931912107,0.903183926104001,0.0251378991455119,0.13870160315097,0.785291615223137,2.01219352112991,0.601629536097023,0.951597854253465,0.0441792581639232,0.5408329920238,0.0163234824227101,2926.47358628901,0.236810569071102,2242.03711333269,3546.23165618644
2020,90652.35201,3916.81180508673,1660.67996804846,36522.5456047975,2761.5106468269,43821.6666039738,8481.98049512626,,0.354497721875118,0.108195604065008,3.88590811410314,0.516742274863125,0.899676065291275,0.0233481091177005,0.150662646141687,0.767094821245683,2.10988308347155,0.592566785760888,0.95083807558184,0.0221730824555946,0.546147290741312,,0.354497721875118,0.108195604065008,3.88590811410314,0.516742274863125,0.899676065291275,0.0233481091177005,0.150662646141687,0.767094821245683,2.10988308347155,0.592566785760888,0.95083807558184,0.0221730824555946,0.546147290741312,,0.354497721875118,0.108195604065008,3.88590811410314,0.516742274863125,0.899676065291275,0.0233481091177005,0.150662646141687,0.767094821245683,2.10988308347155,0.592566785760888,0.95083807558184,0.0221730824555946,0.546147290741312,0.0163010360093324,3004.56605147599,0.228280074722746,2320.97258177055,3724.2537991649
2021,95939.07528,3897.24269622376,1794.74448113421,37653.8843997233,2645.46667375342,49947.737030666,8495.28610506393,,0.347407767437616,0.106031691983708,3.80818995182108,0.506407429365862,0.881682543985449,0.0228811469353465,0.155182525525938,0.764383215422027,2.05200992405078,0.589193864068789,0.949044619177578,0.0302097356117526,0.541844966126601,,0.347407767437616,0.106031691983708,3.80818995182108,0.506407429365862,0.881682543985449,0.0228811469353465,0.157743790510346,0.764383215422027,2.05200992405078,0.589193864068789,0.949044619177578,0.0302097356117526,0.541844966126601,,0.336772835781362,0.102785823861758,3.69161270839798,0.490905161119969,0.854692262026711,0.0221807036618155,0.158195778448771,0.764383215422027,2.05200992405078,0.589193864068789,0.949044619177578,0.0302097356117526,0.541844966126601,0.016773766053603,2978.98690341953,0.217578084214464,2296.23148340195,3698.65721048028
2022,101293.3026,3943.93680172802,1873.8340856415,38864.1738604684,2666.75435184961,53944.6034739635,8505.65689925979,,0.340459612088863,0.103911058144034,3.73202615278466,0.496279280778545,0.86404889310574,0.0224235239966396,0.159838001291716,0.744696387233787,2.07467363310472,0.584242807981187,0.946626772515474,0.0218896368575414,0.539186783235262,,0.340459612088863,0.103911058144034,3.73202615278466,0.496279280778545,0.86404889310574,0.0224235239966396,0.165157748664333,0.744696387233787,2.07467363310472,0.584242807981187,0.946626772515474,0.0218896368575414,0.539186783235262,,0.319934193992294,0.0976465326686697,3.50703207297808,0.46635990306397,0.811957648925376,0.0210716684787247,0.16610556737121,0.744696387233787,2.07467363310472,0.584242807981187,0.946626772515474,0.0218896368575414,0.539186783235262,0.0172602052691575,2937.03548772523,0.215581532519438,2304.21671154192,3733.43616562479
2023,106715.0339,3981.75019943935,1952.81626572393,40039.0853365983,2682.20762437823,58059.1744581922,8513.72802991319,,0.333650419847086,0.101832836981153,3.65738562972896,0.486353695162974,0.846767915243626,0.0219750535167068,0.164633141330467,0.723810010465221,2.09636273764851,0.579264830264823,0.944099271532969,0.0156359148617467,0.536523376320769,,0.333650419847086,0.101832836981153,3.65738562972896,0.486353695162974,0.846767915243626,0.0219750535167068,0.172920162851556,0.723810010465221,2.09636273764851,0.579264830264823,0.944099271532969,0.0156359148617467,0.536523376320769,,0.303937484292679,0.0927642060352362,3.33168046932918,0.443041907910772,0.771359766479107,0.0200180850547885,0.17441084573977,0.723810010465221,2.09636273764851,0.579264830264823,0.944099271532969,0.0156359148617467,0.536523376320769,0.0177607512219631,2882.03065352609,0.213478564916325,2306.48785343516,3759.16746271695
2024,112204.2692,4011.23609508014,2031.76866828558,41181.3230652581,2692.36879514178,62287.5725897174,8520.00081991728,,0.326977411450144,0.0997961802415299,3.58423791713438,0.476626621259715,0.829832556938753,0.0215355524463726,0.169572135570381,0.701726018360038,2.11710141709791,0.574260606453248,0.941457634527598,0.0110514876034187,0.533854860117677,,0.326977411450144,0.0997961802415299,3.58423791713438,0.476626621259715,0.829832556938753,0.0215355524463726,0.181047410505579,0.701726018360038,2.11710141709791,0.574260606453248,0.941457634527598,0.0110514876034187,0.533854860117677,,0.288740610078045,0.0881259957334744,3.16509644586272,0.420889812515233,0.732791778155151,0.019017180802049,0.183131388026759,0.701726018360038,2.11710141709791,0.574260606453248,0.941457634527598,0.0110514876034187,0.533854860117677,0.0182758130074,2814.78873370266,0.211278634610301,2303.49487258788,3776.40884560587
2025,117761.0086,4032.95450927084,2110.77000582033,42293.6224853837,2697.78839302408,66625.873167695,8524.86979280121,,0.320437863221141,0.0978002566366994,3.5125531587917,0.467094088834521,0.813235905799978,0.0211048413974452,0.174659299637493,0.678460025454638,2.13691514468527,0.569230830652782,0.938697244030789,0.00777041900678973,0.531181350483534,,0.320437863221141,0.0978002566366994,3.5125531587917,0.467094088834521,0.813235905799978,0.0211048413974452,0.189556638799342,0.678460025454638,2.13691514468527,0.569230830652782,0.938697244030789,0.00777041900678973,0.531181350483534,,0.274303579574143,0.0837196959468007,3.00684162356958,0.399845321889471,0.696152189247394,0.0180663217619466,0.192287957428097,0.678460025454638,2.13691514468527,0.569230830652782,0.938697244030789,0.00777041900678973,0.531181350483534,0.0188058115846146,2736.19841901729,0.208990849561068,2295.68204529712,3785.72328315408
2026,123385.2519,4047.47306932231,2189.90016654075,43378.7541275744,2699.02593397512,71070.0986299935,8528.64464914659,,0.314029105956719,0.0958442515039654,3.44230209561586,0.45775220705783,0.796971187683978,0.0206827445694963,0.179899078626617,0.654042986720889,2.15583044344533,0.564176215410755,0.935813347426939,0.00547052406837258,0.528502964387696,,0.314029105956719,0.0958442515039654,3.44230209561586,0.45775220705783,0.796971187683978,0.0206827445694963,0.198465800822911,0.654042986720889,2.15583044344533,0.564176215410755,0.935813347426939,0.00547052406837258,0.528502964387696,,0.260588400595436,0.0795337111494606,2.8564995423911,0.379853055794998,0.661344579785024,0.0171630056738493,0.201902355299502,0.654042986720889,2.15583044344533,0.564176215410755,0.935813347426939,0.00547052406837258,0.528502964387696,0.0193511801205684,2647.22137493193,0.206623955221479,2283.48803822721,3787.6793216229
2027,129076.9993,4055.36780881131,2269.24032586659,44439.5275370975,2696.65069434562,75616.2129460119,8531.56798234482,,0.307748523837584,0.0939273664738861,3.37345605370354,0.448597162916674,0.781031763930299,0.0202690896781063,0.185296050985416,0.628522762161986,2.17387465878229,0.559097491569297,0.932801058157846,0.00388221387909552,0.52581981989989,,0.307748523837584,0.0939273664738861,3.37345605370354,0.448597162916674,0.781031763930299,0.0202690896781063,0.207793693461587,0.628522762161986,2.17387465878229,0.559097491569297,0.932801058157846,0.00388221387909552,0.52581981989989,,0.247558980565664,0.0755570255919876,2.71367456527155,0.360860403005248,0.628277350795773,0.0163048553901568,0.211997473064477,0.628522762161986,2.17387465878229,0.559097491569297,0.932801058157846,0.00388221387909552,0.52581981989989,0.0199123643440649,2548.89097677689,0.204186321743738,2267.34596929728,3782.85138327846
2028,134836.2507,4057.22397740398,2348.87305960285,45478.7952418093,2691.2424978717,80260.1159386873,8533.82946457168,,0.301593553360832,0.0920488191444083,3.30598693262947,0.43962521965834,0.765411128651693,0.0198637078845442,0.190854932514978,0.601965527836145,2.19107574799863,0.553995408104702,0.929655357573367,0.00279197349708617,0.523132036178546,,0.301593553360832,0.0920488191444083,3.30598693262947,0.43962521965834,0.765411128651693,0.0198637078845442,0.217559997054282,0.601965527836145,2.19107574799863,0.553995408104702,0.929655357573367,0.00279197349708617,0.523132036178546,,0.235181031537381,0.0717791743123882,2.57799083700797,0.342817382854985,0.596863483255984,0.015489612620649,0.222597346717701,0.601965527836145,2.19107574799863,0.553995408104702,0.929655357573367,0.00279197349708617,0.523132036178546,0.0204898229100428,2442.30897310745,0.201685935259225,2247.6834531341,3771.82000746874
2029,140663.0061,4053.63686339578,2428.88245915887,46499.4567776147,2683.39251872998,84997.6375182036,8535.57714611646,,0.295561682293616,0.0902078427615202,3.23986719397688,0.430832715265173,0.750102906078659,0.0194664337268533,0.196580580490428,0.574456967808135,2.20746208691415,0.548870731952428,0.926371097492563,0.00204011152472683,0.520439733458873,,0.295561682293616,0.0902078427615202,3.23986719397688,0.430832715265173,0.750102906078659,0.0194664337268533,0.227785316915833,0.574456967808135,2.20746208691415,0.548870731952428,0.926371097492563,0.00204011152472683,0.520439733458873,,0.223421979960512,0.0681902155967688,2.44909129515757,0.325676513712236,0.567020309093185,0.0147151319896165,0.233727214053586,0.574456967808135,2.20746208691415,0.548870731952428,0.926371097492563,0.00204011152472683,0.520439733458873,0.021084027774434,2328.63994114162,0.199130392838369,2224.92263228139,3755.17202998026
2030,146557.2656,4045.21263150432,2509.35424915323,47504.4627834844,2673.70410299763,89824.5318102214,8536.9264170386,,0.289650448647743,0.0884036859062898,3.17506985009735,0.42221606095987,0.735100847957086,0.0190771050523163,0.202477997905141,0.546103174354029,2.22306229348004,0.5437242478178,0.922943003542941,0.00151378485909259,0.517743033040716,,0.289650448647743,0.0884036859062898,3.17506985009735,0.42221606095987,0.735100847957086,0.0190771050523163,0.238491226810877,0.546103174354029,2.22306229348004,0.5437242478178,0.922943003542941,0.00151378485909259,0.517743033040716,,0.212250880962486,0.0647807048169304,2.32663673039969,0.309392688026624,0.538669293638526,0.0139793753901357,0.245413574756265,0.546103174354029,2.22306229348004,0.5437242478178,0.922943003542941,0.00151378485909259,0.517743033040716,0.0216954645798926,2209.10345900152,0.196526900742926,2199.48019532775,3733.50069609044
2031,152519.029,4032.56917841062,2590.37590775709,48496.8191786137,2662.7936110544,94736.4711603131,8537.96708996994,,0.283857439674789,0.086635612188164,3.1115684530954,0.413771739740672,0.720398830997944,0.0186955629512699,0.208552337842295,0.517031175437775,2.23790506809811,0.538556757972464,0.919365679348628,0.00113727408371642,0.515042057276161,,0.283857439674789,0.086635612188164,3.1115684530954,0.413771739740672,0.720398830997944,0.0186955629512699,0.249700314470988,0.517031175437775,2.23790506809811,0.538556757972464,0.919365679348628,0.00113727408371642,0.515042057276161,,0.201638336914362,0.0615416695760838,2.21030489387971,0.293923053625293,0.511735828956599,0.0132804066206289,0.257684253494078,0.517031175437775,2.23790506809811,0.538556757972464,0.919365679348628,0.00113727408371642,0.515042057276161,0.0223246330527095,2084.96398234779,0.193882275593675,2171.76738302451,3707.40570222982
2032,158548.2965,4016.33700867596,2672.03679013735,49479.5914343851,2651.29128332581,99729.0399969139,8538.76898174521,,0.278180290881293,0.0849028999444007,3.04933708403349,0.405496304945859,0.705990854377985,0.0183216516922445,0.214808907977564,0.487388998892446,2.25201905018988,0.533369082036697,0.915633611641368,0.000861743227609943,0.512336929556924,,0.278180290881293,0.0849028999444007,3.04933708403349,0.405496304945859,0.705990854377985,0.0183216516922445,0.261436229251125,0.487388998892446,2.25201905018988,0.533369082036697,0.915633611641368,0.000861743227609943,0.512336929556924,,0.191556420068644,0.0584645860972797,2.09978964918572,0.279226900944028,0.486149037508769,0.0126163862895974,0.270568466168782,0.487388998892446,2.25201905018988,0.533369082036697,0.915633611641368,0.000861743227609943,0.512336929556924,0.0229720474112381,1957.51847387326,0.191202948091155,2142.18998346751,3677.49316082286
2033,164645.068,3997.1601336436,2754.42825537467,50455.9089540293,2639.84213208885,104797.728534121,8539.38630126839,,0.272616685063667,0.0832048419455127,2.98835034235282,0.397386378846942,0.691871037290425,0.0179552186583997,0.221253175216891,0.457345172336582,2.26543269042356,0.528162056747619,0.911741176371104,0.000656267931836056,0.509627774301497,,0.272616685063667,0.0832048419455127,2.98835034235282,0.397386378846942,0.691871037290425,0.0179552186583997,0.273723732025928,0.457345172336582,2.26543269042356,0.528162056747619,0.911741176371104,0.000656267931836056,0.509627774301497,,0.181978599065212,0.0555413567924157,1.99480016672644,0.265265555896827,0.461841585633331,0.0119855669751176,0.284096889477221,0.457345172336582,2.26543269042356,0.528162056747619,0.911741176371104,0.000656267931836056,0.509627774301497,0.023638236786164,1828.08189017815,0.18849496894489,2111.14831733479,3644.37548239189
2034,170809.3435,3975.69699606479,2837.64379722961,51428.969573287,2629.10686187347,109937.926295122,8539.8610916904,,0.267164351362394,0.0815407451066024,2.92858333550576,0.389438651270003,0.678033616544617,0.0175961142852317,0.227890770473397,0.427087548064273,2.27817413789763,0.522936535713418,0.907682645895438,0.000501060942537934,0.506914716942078,,0.267164351362394,0.0815407451066024,2.92858333550576,0.389438651270003,0.678033616544617,0.0175961142852317,0.286588747431146,0.427087548064273,2.27817413789763,0.522936535713418,0.907682645895438,0.000501060942537934,0.506914716942078,,0.172879669111951,0.0527642889527949,1.89506015839012,0.252002278101986,0.438749506351664,0.0113862886263617,0.298301733951083,0.427087548064273,2.27817413789763,0.522936535713418,0.907682645895438,0.000501060942537934,0.506914716942078,0.0243237456529627,1697.97068189581,0.185764016686764,2079.03721416836,3608.67116866663
2035,177041.1231,3952.62142324132,2921.7791791629,52402.0441957199,2619.76282135203,115144.915436906,8540.2259257702,,0.261821064335146,0.0799099302044704,2.87001166879565,0.381649878244603,0.664472944213725,0.017244191999527,0.234727493587599,0.396821335672083,2.29027114149552,0.517693389153658,0.903452197329532,0.000382975970780318,0.504197883911275,,0.261821064335146,0.0799099302044704,2.87001166879565,0.381649878244603,0.664472944213725,0.017244191999527,0.30005841856041,0.396821335672083,2.29027114149552,0.517693389153658,0.903452197329532,0.000382975970780318,0.504197883911275,,0.164235685656353,0.0501260745051551,1.80030715047061,0.239402164196886,0.416812031034081,0.0108169741950436,0.313216820648637,0.396821335672083,2.29027114149552,0.517693389153658,0.903452197329532,0.000382975970780318,0.504197883911275,0.0250291342768987,1568.48451257671,0.183015407066219,2046.24598063915,3571.00451003915
2036,183340.4066,3928.62361162071,3006.93257401656,53378.4815770162,2612.50498954382,120413.863855535,8497.52479614135,,0.256584643048443,0.078311731600381,2.81261143541974,0.374016880679711,0.65118348532945,0.0168993081595365,0.241769318395227,0.366766226177903,2.30175096456572,0.512433503625754,0.899043922139787,0.000292830339310434,0.501477402628587,,0.256584643048443,0.078311731600381,2.81261143541974,0.374016880679711,0.65118348532945,0.0168993081595365,0.314161164232749,0.366766226177903,2.30175096456572,0.512433503625754,0.899043922139787,0.000292830339310434,0.501477402628587,,0.156023901373536,0.0476197707798974,1.71029179294708,0.227432055987042,0.395971429482377,0.0102761254852914,0.328877661681069,0.366766226177903,2.30175096456572,0.512433503625754,0.899043922139787,0.000292830339310434,0.501477402628587,0.0257549791709287,1440.88645610753,0.180254103747989,2013.15836172966,3532.00518040246
2037,189707.1942,3904.41114584325,3093.20470877725,54361.7132727436,2608.04699936204,125739.818050872,8540.72084456535,,0.251452950187474,0.0767454969683733,2.75635920671134,0.366536543066116,0.638159815622861,0.0165613219963458,0.249022397947084,0.3371525053419,2.31264031204198,0.507157781737705,0.894451837065971,0.000223924184627721,0.49875340148667,,0.251452950187474,0.0767454969683733,2.75635920671134,0.366536543066116,0.638159815622861,0.0165613219963458,0.328926738951689,0.3371525053419,2.31264031204198,0.507157781737705,0.894451837065971,0.000223924184627721,0.49875340148667,,0.148222706304859,0.0452387822409025,1.62477720329973,0.21606045318769,0.376172858008258,0.00976231921102686,0.345321544765122,0.3371525053419,2.31264031204198,0.507157781737705,0.894451837065971,0.000223924184627721,0.49875340148667,0.0265018735668857,1316.38199970589,0.177484730056755,1980.15249571783,3492.30772206035
2038,196141.4858,3880.71005543318,3180.69901488901,55355.2587651366,2607.12220172147,131117.695728799,8540.88547546791,,0.246423891183724,0.0752105870290059,2.70123202257711,0.359205812204794,0.625396619310404,0.0162300955564188,0.256493069885497,0.308216087163088,2.32296526909708,0.50186714184716,0.889669896457185,0.00017123285259216,0.496026009837386,,0.246423891183724,0.0752105870290059,2.70123202257711,0.359205812204794,0.625396619310404,0.0162300955564188,0.344386295682418,0.308216087163088,2.32296526909708,0.50186714184716,0.889669896457185,0.00017123285259216,0.496026009837386,,0.140811570989616,0.0429768431288574,1.54353834313474,0.205257430528305,0.357364215107845,0.00927420325047552,0.362587622003378,0.308216087163088,2.32296526909708,0.50186714184716,0.889669896457185,0.00017123285259216,0.496026009837386,0.0272704279003254,1196.09726870007,0.174711581536784,1947.60086385779,3452.5509131976
2039,202643.2814,3858.26591242297,3269.52178456705,56362.7307850918,2610.48477345642,136542.278117322,8541.01152308013,,0.24149541336005,0.0737063752884257,2.64720738212557,0.352021695960698,0.612888686924196,0.0159054936452905,0.264187861982062,0.280192457300271,2.33275125041904,0.496562517746897,0.884692006107165,0.000130937975336032,0.493295357977642,,0.24149541336005,0.0737063752884257,2.64720738212557,0.352021695960698,0.612888686924196,0.0159054936452905,0.360572451579492,0.280192457300271,2.33275125041904,0.496562517746897,0.884692006107165,0.000130937975336032,0.493295357977642,,0.133770992440135,0.0408280009724145,1.466361425978,0.19499455900189,0.339496004352453,0.00881049308795174,0.380717003103547,0.280192457300271,2.33275125041904,0.496562517746897,0.884692006107165,0.000130937975336032,0.493295357977642,0.0280612703094348,1081.05700691966,0.17193863911793,1915.87023560978,3413.37701015637
2040,209212.581,3837.84497344773,3359.78233362381,57387.8408460055,2618.91087267501,142008.20197249,8541.10794347958,,0.236665505092849,0.0722322477826572,2.59426323448306,0.344981262041484,0.600630913185712,0.0155873837723847,0.272113497841523,0.253309604982552,2.34202295920667,0.491244858336784,0.879512038673703,0.000100123598751631,0.490561577135021,,0.236665505092849,0.0722322477826572,2.59426323448306,0.344981262041484,0.600630913185712,0.0155873837723847,0.377519356803728,0.253309604982552,2.34202295920667,0.491244858336784,0.879512038673703,0.000100123598751631,0.490561577135021,,0.127082442818128,0.0387866009237938,1.3930433546791,0.185244831051796,0.32252120413483,0.00836996843355415,0.399752853258724,0.253309604982552,2.34202295920667,0.491244858336784,0.879512038673703,0.000100123598751631,0.490561577135021,0.0288750471484084,972.162994208317,0.169169582702088,1885.32161029987,3375.43085671064
2041,215849.3846,3820.23536989916,3451.59317132441,58434.405007529,2633.19984515913,147509.951248242,8541.18163459064,,0.231932194990992,0.0707876028270041,2.5423779697934,0.338081636800655,0.588618294921998,0.015275636096937,0.280276902776769,0.227780141675148,2.35080435500168,0.48591512728229,0.874123850765481,7.65598459783686E-05,0.487824799453196,,0.231932194990992,0.0707876028270041,2.5423779697934,0.338081636800655,0.588618294921998,0.015275636096937,0.395262766573503,0.227780141675148,2.35080435500168,0.48591512728229,0.874123850765481,7.65598459783686E-05,0.487824799453196,,0.120728320677222,0.0368472708776041,1.32339118694515,0.175982589499206,0.306395143928089,0.00795147001187644,0.419740495921661,0.227780141675148,2.35080435500168,0.48591512728229,0.874123850765481,7.65598459783686E-05,0.487824799453196,0.0297124235157122,870.173753788043,0.166407805005851,1856.31015601286,3339.35885236674
2042,222553.6923,3806.24835013678,3545.07017782527,59506.3498879048,2654.17548583628,153041.848402878,8541.23790418801,,0.227293551091172,0.069371850770464,2.49153041039753,0.331320004064641,0.576845929023558,0.0149701233749982,0.288685209860072,0.203792950237552,2.35911862950306,0.4805743026596,0.868521301777145,5.85410948140279E-05,0.485085157977152,,0.227293551091172,0.069371850770464,2.49153041039753,0.331320004064641,0.576845929023558,0.0149701233749982,0.413840116602457,0.203792950237552,2.35911862950306,0.4805743026596,0.868521301777145,5.85410948140279E-05,0.485085157977152,,0.114691904643361,0.0350049073337239,1.25722162759789,0.167183460024245,0.291075386731684,0.00755389651128262,0.440727520717744,0.203792950237552,2.35911862950306,0.4805743026596,0.868521301777145,5.85410948140279E-05,0.485085157977152,0.0305740837976679,775.686580611188,0.163656425515708,1829.18514661623,3305.8077719479
2043,229325.504,3796.71957775623,3640.33278978798,60607.7189447715,2682.68735944595,158598.045313762,8541.280832671,,0.222747680069349,0.0679844137550547,2.44169980218958,0.324693603983349,0.565309010443087,0.0146707209074983,0.297345766155874,0.181504866400968,2.36698818954546,0.475223376587383,0.862698274549935,4.4762769191624E-05,0.4823427866382,,0.222747680069349,0.0679844137550547,2.44169980218958,0.324693603983349,0.565309010443087,0.0146707209074983,0.433290602082773,0.181504866400968,2.36698818954546,0.475223376587383,0.862698274549935,4.4762769191624E-05,0.4823427866382,,0.108957309411193,0.0332546619670377,1.194360546218,0.158824287023033,0.2765216173951,0.00717620168571849,0.462763896753631,0.181504866400968,2.36698818954546,0.475223376587383,0.862698274549935,4.4762769191624E-05,0.4823427866382,0.0314607322278003,689.123079722585,0.160918304431387,1804.28989769674,3275.42342868026
2044,236164.8197,3792.51049037557,3737.50419478968,61742.6790457264,2719.61218490074,164172.51376919,8541.3135539825,,0.218292726467962,0.0666247254799536,2.39286580614579,0.318199731903682,0.554002830234225,0.0143773064893483,0.306266139140551,0.161033042704399,2.3744346464648,0.469863354845251,0.85664869793062,3.42271102917757E-05,0.479597820238792,,0.218292726467962,0.0666247254799536,2.39286580614579,0.318199731903682,0.554002830234225,0.0143773064893483,0.453655260380663,0.161033042704399,2.3744346464648,0.469863354845251,0.85664869793062,3.42271102917757E-05,0.479597820238792,,0.103509443940633,0.0315919288686858,1.1346425189071,0.150883072671882,0.262695536525345,0.00681739160143256,0.485902091591313,0.161033042704399,2.3744346464648,0.469863354845251,0.85664869793062,3.42271102917757E-05,0.479597820238792,0.0323730934624065,610.719503753531,0.158196056490808,1781.96170229368,3248.84917346845
2045,243071.6394,3794.50972353613,3836.71153520195,62915.5273510155,2765.85528805644,169759.035505146,8541.33847292448,,0.213926871938602,0.0652922309703546,2.34500849002287,0.311835737265608,0.54292277362954,0.0140897603595613,0.315454123314767,0.142448752496992,2.38147881111895,0.464495256478937,0.850366571295578,2.61710633542591E-05,0.476850394437138,,0.213926871938602,0.0652922309703546,2.34500849002287,0.311835737265608,0.54292277362954,0.0140897603595613,0.474977057618554,0.142448752496992,2.38147881111895,0.464495256478937,0.850366571295578,2.61710633542591E-05,0.476850394437138,,0.0983339717436015,0.0300123324252515,1.07791039296174,0.143338919038287,0.249560759699078,0.00647652202136094,0.510197196170878,0.142448752496992,2.38147881111895,0.464495256478937,0.850366571295578,2.61710633542591E-05,0.476850394437138,0.0333119131728163,540.523176455429,0.155492064586584,1762.53176724574,3226.72422335115
2046,250045.9631,3803.63460469235,3938.08612223932,64130.6985321405,2822.35212795475,175351.191752388,8541.35743310536,,0.20964833449983,0.0639863863509475,2.29810832022242,0.305599022520296,0.53206431815695,0.0138079651523701,0.32491774701421,0.125773421799113,2.38814069387909,0.459120113392198,0.843845991099787,2.0011095112625E-05,0.47410064573163,,0.20964833449983,0.0639863863509475,2.29810832022242,0.305599022520296,0.53206431815695,0.0138079651523701,0.497300979326626,0.125773421799113,2.38814069387909,0.459120113392198,0.843845991099787,2.0011095112625E-05,0.47410064573163,,0.0934172731564215,0.0285117158039889,1.02401487331365,0.136171973086373,0.237082721714124,0.00615269592029289,0.535707055979422,0.125773421799113,2.38814069387909,0.459120113392198,0.843845991099787,2.0011095112625E-05,0.47410064573163,0.0342779586548279,478.396139505673,0.152808493098967,1746.32515100884,3209.68181277807
2047,257087.7909,3820.83272257266,4041.76366094624,65392.7723522767,2890.06990199717,180942.352256611,8541.37184660783,,0.205455367809834,0.0627066586239285,2.25214615381797,0.29948704206989,0.521423031793811,0.0135318058493227,0.334665279424637,0.110977594585474,2.39443950895584,0.453738969925459,0.837081179501905,1.53009742450243E-05,0.471348711445073,,0.205455367809834,0.0627066586239285,2.25214615381797,0.29948704206989,0.521423031793811,0.0135318058493227,0.520674125354978,0.110977594585474,2.39443950895584,0.453738969925459,0.837081179501905,1.53009742450243E-05,0.471348711445073,,0.0887464094986004,0.0270861300137895,0.972814129647971,0.129363374432054,0.225228585628418,0.00584506112427824,0.562492408778393,0.110977594585474,2.39443950895584,0.453738969925459,0.837081179501905,1.53009742450243E-05,0.471348711445073,0.0352720194558179,424.026824864583,0.150147300883741,1733.66070379761,3198.3471620906
2048,264197.1227,3847.08357758605,4147.88448692514,66706.4816354469,2970.00923578662,186525.663732179,8541.38279400579,,0.201346260453637,0.0614525254514499,2.20710323074161,0.293497301228492,0.510994571157934,0.0132611697323362,0.344705237807376,0.0979833185292236,2.40039368247297,0.44835288242117,0.830066515106618,1.16994743364723E-05,0.468594729708728,,0.201346260453637,0.0614525254514499,2.20710323074161,0.293497301228492,0.510994571157934,0.0132611697323362,0.545145809246662,0.0979833185292236,2.40039368247297,0.44835288242117,0.830066515106618,1.16994743364723E-05,0.468594729708728,,0.0843090890236704,0.0257318235131,0.924173423165572,0.122895205710452,0.213967156346997,0.00555280806806433,0.590617029217313,0.0979833185292236,2.40039368247297,0.44835288242117,0.830066515106618,1.16994743364723E-05,0.468594729708728,0.0362949080200367,376.950015591159,0.14751025386567,1724.85101092585,3193.33525857075
2049,271373.9585,3883.40031933187,4256.59381568433,68076.7206540354,3063.20596394935,192094.037706943,8541.39110143667,,0.197319335244564,0.0602234749424209,2.16296116612678,0.287627355203922,0.500774679734776,0.0129959463376895,0.355046394941597,0.0866700825281698,2.40602086375032,0.442962918775867,0.822796565853898,8.94567009170406E-06,0.46583883944616,,0.197319335244564,0.0602234749424209,2.16296116612678,0.287627355203922,0.500774679734776,0.0129959463376895,0.570767662281255,0.0866700825281698,2.40602086375032,0.442962918775867,0.822796565853898,8.94567009170406E-06,0.46583883944616,,0.0800936345724868,0.024445232337445,0.877964752007293,0.116750445424929,0.203268798529647,0.00527516766466111,0.620147880678179,0.0866700825281698,2.40602086375032,0.442962918775867,0.822796565853898,8.94567009170406E-06,0.46583883944616,0.0373474603526177,336.574626166414,0.14489893719901,1720.20234022638,3195.24844658219
2050,278618.2983,3930.83157769776,4368.04200553857,69508.5539658455,3170.73300852338,197640.137712889,8541.39739993648,,0.193372948539673,0.0590190054435725,2.11970194280424,0.281874808099844,0.49075918614008,0.0127360274109357,0.365697786789845,0.0768839768727479,2.4113379393042,0.437570157978881,0.815266124071585,6.84004318002773E-06,0.463081180356908,,0.193372948539673,0.0590190054435725,2.11970194280424,0.281874808099844,0.49075918614008,0.0127360274109357,0.597593742408474,0.0768839768727479,2.4113379393042,0.437570157978881,0.815266124071585,6.84004318002773E-06,0.463081180356908,,0.0760889528438625,0.0232229707205728,0.834066514406929,0.110912923153683,0.193105358603165,0.00501140928142806,0.651155274712088,0.0768839768727479,2.4113379393042,0.437570157978881,0.815266124071585,6.84004318002773E-06,0.463081180356908,0.0384305367028436,302.217964110382,0.142314766966088,1720.01459444159,3204.67382472785
2051,285930.1421,3990.46339459705,4482.38483506465,71007.2257343271,3293.70236216769,203156.365773359,8541.40217107626,,0.18950548956888,0.0578386253347011,2.07730790394816,0.276237311937847,0.480944002417279,0.012481306862717,0.37666872039354,0.0684492518541669,2.41636104911946,0.432175689637657,0.807470243692937,5.23003238972363E-06,0.460321892899966,,0.18950548956888,0.0578386253347011,2.07730790394816,0.276237311937847,0.480944002417279,0.012481306862717,0.625680648301672,0.0684492518541669,2.41636104911946,0.432175689637657,0.807470243692937,5.23003238972363E-06,0.460321892899966,,0.0722845052016694,0.0220618221845441,0.792363188686582,0.105367276995998,0.183450090673006,0.00476083881735666,0.683713038447692,0.0684492518541669,2.41636104911946,0.432175689637657,0.807470243692937,5.23003238972363E-06,0.460321892899966,0.0395450222672261,273.144233911607,0.139759001393386,1724.58126953381,3222.18044968302
2052,293309.4899,4063.42126375703,4599.78379619714,72578.1695686086,3433.2671839489,208634.84813457,8541.40578202952,,0.185715379777502,0.056681852828007,2.03576174586919,0.27071256569909,0.471325122368933,0.0122316807254627,0.387968782005346,0.0611810221869993,2.42110560479077,0.4267806134896,0.799404279624135,3.99898324404392E-06,0.457561118277085,,0.185715379777502,0.056681852828007,2.03576174586919,0.27071256569909,0.471325122368933,0.0122316807254627,0.655087638771851,0.0611810221869993,2.42110560479077,0.4267806134896,0.799404279624135,3.99898324404392E-06,0.457561118277085,,0.0686702799415859,0.0209587310753169,0.752745029252253,0.100098913146199,0.174277586139356,0.00452279687648882,0.717898690370077,0.0611810221869993,2.42110560479077,0.4267806134896,0.799404279624135,3.99898324404392E-06,0.457561118277085,0.0406918279129757,248.604266493044,0.137232751571813,1734.18941981291,3248.31634816308
2053,300756.3418,4150.87228681373,4720.40640412336,74227.0189218536,3590.62401593151,214067.42018444,8541.40851249291,,0.182001072181952,0.0555482157714469,1.99504651095181,0.265298314385108,0.461898619921554,0.0119870471109534,0.399607845465507,0.054897614650746,2.42558630917177,0.421386038900384,0.791063929228458,3.05769764441568E-06,0.454798998415889,,0.182001072181952,0.0555482157714469,1.99504651095181,0.265298314385108,0.461898619921554,0.0119870471109534,0.685876757794128,0.054897614650746,2.42558630917177,0.421386038900384,0.791063929228458,3.05769764441568E-06,0.454798998415889,,0.0652367659445066,0.0199107945215511,0.71510777778964,0.0950939674888886,0.165563706832388,0.00429665703266438,0.75379362488858,0.054897614650746,2.42558630917177,0.421386038900384,0.791063929228458,3.05769764441568E-06,0.454798998415889,0.041871890922452,227.872987265961,0.134736991674141,1749.11963092182,3283.60534093238
2054,308270.6977,4254.0274542774,4844.42652524105,75959.6180905105,3767.01512974873,219445.610497966,8541.41057533348,,0.178361050738313,0.054437251456018,1.95514558073277,0.259992348097406,0.452660647523123,0.0117473061687343,0.411596080829472,0.0494310746536255,2.42981717720953,0.415993084348611,0.782445275873609,2.33797197214667E-06,0.452035675952822,,0.178361050738313,0.054437251456018,1.95514558073277,0.259992348097406,0.452660647523123,0.0117473061687343,0.718112965410451,0.0494310746536255,2.42981717720953,0.415993084348611,0.782445275873609,2.33797197214667E-06,0.452035675952822,,0.0619749276472813,0.0189152547954735,0.679352388900158,0.0903392691144442,0.157285521490769,0.00408182418103116,0.79148330613301,0.0494310746536255,2.42981717720953,0.415993084348611,0.782445275873609,2.33797197214667E-06,0.452035675952822,0.0430861757592031,210.281148670959,0.132272568667907,1769.64600160853,3328.54368503598
2055,315852.5576,4374.14406092748,4972.02472453739,77782.0338596985,3963.73101270386,224760.623942989,8541.41213240957,,0.174793829723547,0.0533485064268976,1.91604266911812,0.254792501135458,0.443607434572661,0.0115123600453597,0.423943963254356,0.0446346657267638,2.43381155767772,0.41060287689673,0.773544834466719,1.78765585292104E-06,0.449271294215906,,0.174793829723547,0.0533485064268976,1.91604266911812,0.254792501135458,0.443607434572661,0.0115123600453597,0.751864274784743,0.0446346657267638,2.43381155767772,0.41060287689673,0.773544834466719,1.78765585292104E-06,0.449271294215906,,0.0588761812649172,0.0179694920556998,0.64538476945515,0.085822305658722,0.14942124541623,0.0038777329719796,0.83105747143966,0.0446346657267638,2.43381155767772,0.41060287689673,0.773544834466719,1.78765585292104E-06,0.449271294215906,0.04433567485622,195.238458000207,0.129840211526628,1796.03613537757,3383.59654354373
2056,323501.9215,4512.52826579772,5103.38863385081,79700.5678437361,4182.11300405222,230003.323775046,8541.4133066821,,0.171297953129076,0.0522815362983596,1.87772181573575,0.249696651112749,0.434735285881208,0.0112821128444525,0.436662282151987,0.0403867628629835,2.43758215555559,0.405216551648086,0.764359598877583,1.36687379431466E-06,0.446505997207333,,0.171297953129076,0.0522815362983596,1.87772181573575,0.249696651112749,0.434735285881208,0.0112821128444525,0.787201895699625,0.0403867628629835,2.43758215555559,0.405216551648086,0.764359598877583,1.36687379431466E-06,0.446505997207333,,0.0559323722016713,0.0170710174529148,0.613115530982393,0.0815311903757859,0.141950183145419,0.00368384632338062,0.872610345011643,0.0403867628629835,2.43758215555559,0.405216551648086,0.764359598877583,1.36687379431466E-06,0.446505997207333,0.0456214094270503,182.246408983283,0.127440539945913,1828.55114308107,3449.1942951689
2057,331218.7895,4670.53780774412,5238.71334260586,81721.769575389,4423.55609275164,235164.21264409,8541.41419147761,,0.167871994066494,0.0512359055723925,1.84016737942104,0.244702718090494,0.426040580163583,0.0110564705875634,0.449762150616546,0.0365912228540201,2.44114105483035,0.399835251189972,0.754887091124852,1.045136062644E-06,0.443739929585878,,0.167871994066494,0.0512359055723925,1.84016737942104,0.244702718090494,0.426040580163583,0.0110564705875634,0.824200384797508,0.0365912228540201,2.44114105483035,0.399835251189972,0.754887091124852,1.045136062644E-06,0.443739929585878,,0.0531357535915878,0.0162174665802691,0.582459754433273,0.0774546308569966,0.134852673988148,0.00349965400721159,0.916240862262225,0.0365912228540201,2.44114105483035,0.399835251189972,0.754887091124852,1.045136062644E-06,0.443739929585878,0.0469444303004348,170.900689771291,0.125074072574178,1867.44565755163,3525.7286996766
2058,339003.1614,4849.58488863953,5378.20181275098,83852.4504010194,4689.51188912193,240233.412429693,8541.41485756603,,0.164514554185164,0.0502111874609446,1.80336403183262,0.239808663728684,0.417519768560312,0.0108353411758121,0.463255015135043,0.0331749325402706,2.4444997415292,0.394460125022558,0.74512541217207,7.99129538175219E-07,0.440973236649143,,0.164514554185164,0.0502111874609446,1.80336403183262,0.239808663728684,0.417519768560312,0.0108353411758121,0.862937802882991,0.0331749325402706,2.4444997415292,0.394460125022558,0.74512541217207,7.99129538175219E-07,0.440973236649143,,0.0504789659120084,0.0154065932512556,0.55333676671161,0.0735818993141467,0.12811004028874,0.00332467130685101,0.962052905375336,0.0331749325402706,2.4444997415292,0.394460125022558,0.74512541217207,7.99129538175219E-07,0.440973236649143,0.0483058187791474,160.884651528932,0.122741234770153,1912.96786148025,3613.54893901097
2059,346855.0374,5051.13923706278,5522.06531975294,86099.6982441711,4981.49178367886,245200.642813732,8541.41535856388,,0.161224263101461,0.0492069637117257,1.76729675119597,0.23501249045411,0.409169373189105,0.0106186343522959,0.477152665589094,0.0300836243084518,2.4476691268128,0.389092328973529,0.73507329415055,6.11028523128846E-07,0.438206064315623,,0.161224263101461,0.0492069637117257,1.76729675119597,0.23501249045411,0.409169373189105,0.0106186343522959,0.903495879618491,0.0300836243084518,2.4476691268128,0.389092328973529,0.73507329415055,6.11028523128846E-07,0.438206064315623,,0.047955017616408,0.0146362635886929,0.525669928376029,0.0699028043484394,0.121704538274303,0.00315843774150846,1,0.0300836243084518,2.4476691268128,0.389092328973529,0.73507329415055,6.11028523128846E-07,0.438206064315623,0.0492069637117257,151.956575137477,0.120442365901389,1965.35952971833,3712.95755820083
2060,354774.4174,5276.73136661805,5670.52392169194,88470.8933056554,5301.07030777978,250055.198492327,8541.41573505512,,0.157999777839432,0.0482228244374912,1.73195081617205,0.230312240645028,0.400985985725323,0.01040626166525,0.491467245556767,0.0272771205266482,2.45065956998545,0.383733024598307,0.724730153794076,4.67203131883167E-07,0.435438559106607,,0.157999777839432,0.0482228244374912,1.73195081617205,0.230312240645028,0.400985985725323,0.01040626166525,0.94596018596056,0.0272771205266482,2.45065956998545,0.383733024598307,0.724730153794076,4.67203131883167E-07,0.435438559106607,,0.0455572667355876,0.0139044504092582,0.499386431957228,0.0664076641310174,0.115619311360588,0.00300051585443304,1,0.0272771205266482,2.45065956998545,0.383733024598307,0.724730153794076,4.67203131883167E-07,0.435438559106607,0.0482228244374912,143.934037473986,0.118177726199466,2024.8560873051,3824.20633485912
